Id;Label
a_little;a_little
a_lot;a_lot
abandoned_person;abandoned_person
abdominoplasty;abdominoplasty
abidance;abidance
abide;abide
ability;ability
abortive;abortive
absolute;absolute
absorbing;absorbing
abstract;abstract
absurd;absurd
abundant;abundant
acarpous;acarpous
accent;accent
accept;accept
accessary;accessary
accomplish;accomplish
accomplished;accomplished
accumulate_stress;accumulate_stress
accumulate_stress_city;accumulate_stress_city
accuracy;accuracy
ache;ache
achievement;achievement
act;act
act_part;act_part
acting;acting
actually;actually
adapt;adapt
adaptability;adaptability
adapted;adapted
adaptive;adaptive
adaptively;adaptively
adaptiveness;adaptiveness
admiration;admiration
ads;ads
adumbrate;adumbrate
advocating;advocating
affection;affection
age;age
alibi;alibi
allow;allow
alloy;alloy
amazingly;amazingly
amuse;amuse
analgesic;analgesic
ancient;ancient
ancient_artifact;ancient_artifact
ancient_rome;ancient_rome
angel;angel
anger;anger
animosity;animosity
annoyance;annoyance
answer;answer
answer_back;answer_back
ape;ape
apocalyptic;apocalyptic
apocalyptical;apocalyptical
appearance;appearance
arm-in-arm;arm-in-arm
art;art
artwork;artwork
asbestos;asbestos
ask_nicely;ask_nicely
ask_politely;ask_politely
ask_question;ask_question
asleep;asleep
assembly_line;assembly_line
asseverate;asseverate
assurance;assurance
astonishingly;astonishingly
atheist;atheist
atrocious;atrocious
attempt;attempt
au_pair;au_pair
authority;authority
autoplasty;autoplasty
aver;aver
awareness;awareness
awful;awful
axe;axe
baby;baby
backside;backside
bacteria_order;bacteria_order
bad;bad
bad_behavior;bad_behavior
bad_feeling;bad_feeling
bad_person;bad_person
bad_service;bad_service
baddie;baddie
bake_cookie;bake_cookie
band_play;band_play
basic_human_need;basic_human_need
batman;batman
battle;battle
battlefield;battlefield
bear_up;bear_up
become_actor;become_actor
beget;beget
beguiled;beguiled
beijing;beijing
benefit;benefit
best;best
better;better
bewitching;bewitching
big;big
big_city;big_city
big_fight;big_fight
big_place;big_place
big_rock;big_rock
binary_star;binary_star
biology_book;biology_book
bird;bird
blame;blame
bleak;bleak
blindly;blindly
block;block
blow;blow
blow_nose;blow_nose
blueprint;blueprint
book;book
boss;boss
bother;bother
bothersome;bothersome
bourgeois;bourgeois
box_match;box_match
boy;boy
brain_function;brain_function
brainstorm;brainstorm
brassy;brassy
break;break
break_apart;break_apart
break_glass;break_glass
bright_color;bright_color
bronze;bronze
brook;brook
broth;broth
brother;brother
brush_off;brush_off
build_part;build_part
build_process;build_process
build_support;build_support
building;building
bulletin;bulletin
burglary;burglary
burke;burke
call;call
call_girl;call_girl
camp_follower;camp_follower
campbell;campbell
capable;capable
captivated;captivated
capture;capture
care;care
career;career
carving;carving
casting;casting
casualty;casualty
cauliflower;cauliflower
cavity;cavity
cctv;cctv
century;century
certainly;certainly
certificatory;certificatory
character;character
charmed;charmed
chemistry;chemistry
child;child
child_book;child_book
child_story;child_story
childhood;childhood
choice;choice
cinema;cinema
cinquefoil;cinquefoil
class;class
classic;classic
classical;classical
cliff;cliff
cloudy;cloudy
cockeyed;cockeyed
codeine;codeine
cold;cold
cold_day;cold_day
collation;collation
colony;colony
color;color
color_paint;color_paint
color_rainbow;color_rainbow
colorful;colorful
combat;combat
come;come
comfort_woman;comfort_woman
comic;comic
comment;comment
committing;committing
comparative;comparative
compare;compare
comparison;comparison
complete;complete
complete_job;complete_job
complete_task;complete_task
completed;completed
completely;completely
complication;complication
compliment;compliment
composer;composer
computer_command;computer_command
computer_user;computer_user
conceal;conceal
concluded;concluded
conclusion;conclusion
conflict;conflict
confrontation;confrontation
conscious;conscious
consider;consider
consist;consist
construct;construct
construction_material;construction_material
contemporary;contemporary
contemporary_world;contemporary_world
content;content
contentment;contentment
continues;continues
copious;copious
copper;copper
copycat;copycat
corn;corn
corporatist;corporatist
correct;correct
cosmos;cosmos
cotton_boll;cotton_boll
count;count
country_person;country_person
country_road;country_road
course;course
crack;crack
cracked_phone;cracked_phone
cracked_screen;cracked_screen
craft;craft
crazy;crazy
creation;creation
creative_thinking;creative_thinking
creepy;creepy
crime;crime
criminal;criminal
crisscross;crisscross
crowd;crowd
cube;cube
current;current
current_event;current_event
cut;cut
cut_across;cut_across
cut_half;cut_half
cut_tool;cut_tool
cut_up;cut_up
cylinder;cylinder
cylindric;cylindric
cylindrical_shape;cylindrical_shape
dad;dad
daddy;daddy
dagger;dagger
danger;danger
dangerous_drive;dangerous_drive
dark;dark
dark_color;dark_color
darkness;darkness
data;data
date;date
dawn;dawn
day;day
day_of_month;day_of_month
dazed;dazed
deadline;deadline
deadly;deadly
death;death
decide;decide
declared;declared
defence;defence
definitive;definitive
deft;deft
deftly;deftly
deftness;deftness
demand;demand
demonstrative_of;demonstrative_of
dense_water;dense_water
deportee;deportee
derisory;derisory
description;description
design;design
desirability;desirability
desire;desire
desire_win;desire_win
desperate;desperate
devout;devout
dice;dice
different;different
diffuse;diffuse
dig;dig
dim;dim
direct;direct
direction;direction
director;director
director_chair;director_chair
dirty;dirty
disgust;disgust
dismiss;dismiss
disney_cartoon;disney_cartoon
disregard;disregard
doctor;doctor
doctor_surgery;doctor_surgery
dreadfully;dreadfully
dream;dream
dreamy;dreamy
droll;droll
drug;drug
dull;dull
duplicate;duplicate
durable;durable
earnestly;earnestly
earnestness;earnestness
earth;earth
east;east
eclipse;eclipse
edge;edge
edition;edition
effuse;effuse
egalitarian_society;egalitarian_society
electric;electric
electric_current;electric_current
electrical;electrical
electrical_unit;electrical_unit
embarrassment;embarrassment
empty_place;empty_place
emulator;emulator
encouraging;encouraging
end;end
end_live;end_live
end_point;end_point
ending;ending
endure;endure
engender;engender
englishman;englishman
engrossing;engrossing
enjoyment;enjoyment
enounce;enounce
entertainment;entertainment
enthralling;enthralling
entrant;entrant
enunciation;enunciation
epigon;epigon
epigonr;epigonr
episode;episode
equal;equal
equating;equating
evaporate;evaporate
evil;evil
excavate;excavate
excellent;excellent
excess;excess
exclusion;exclusion
exile;exile
existence;existence
experiment;experiment
expert;expert
explain;explain
explanation;explanation
explicit;explicit
express_opinion;express_opinion
expression;expression
exuberant;exuberant
face_feature;face_feature
face_part;face_part
facial_expression;facial_expression
facial_expression_movement;facial_expression_movement
facial_organ;facial_organ
facial_part;facial_part
factory_output;factory_output
fair;fair
fall_out_bed;fall_out_bed
fall_sky;fall_sky
false_statement;false_statement
family_member;family_member
farcical;farcical
fascinating;fascinating
fastener_binder;fastener_binder
fatal_accident;fatal_accident
fatality;fatality
fear;fear
feature;feature
fecundity;fecundity
feel_ashamed;feel_ashamed
feel_confident;feel_confident
feel_dirty;feel_dirty
felony;felony
fetch;fetch
fever;fever
fiction;fiction
film;film
filth;filth
filthy;filthy
find;find
find_accomplish;find_accomplish
find_floor;find_floor
finger;finger
finish;finish
finish_complete;finish_complete
finished;finished
fire_bullet;fire_bullet
five_digits;five_digits
five_senses;five_senses
flashback;flashback
flashy;flashy
fledgeling;fledgeling
floral;floral
flout;flout
flu;flu
foggy;foggy
foliate;foliate
font;font
foreboding;foreboding
formality;formality
freeway;freeway
freshman;freshman
fruitfulness;fruitfulness
fulfill;fulfill
fun;fun
funeral;funeral
funny;funny
funny_look;funny_look
gaudy;gaudy
generate;generate
genetic_code;genetic_code
genius;genius
genome;genome
get_rid_of_enemy;get_rid_of_enemy
ghastly;ghastly
ghetto;ghetto
ghost;ghost
ghostly;ghostly
giant;giant
girl;girl
glimpse;glimpse
glyptic_art;glyptic_art
glyptography;glyptography
god;god
goggle-eyed;goggle-eyed
gold;gold
good;good
good_imagination;good_imagination
good_quality;good_quality
goodness;goodness
grab;grab
grammar_part;grammar_part
graphic;graphic
grasp;grasp
gratify;gratify
great;great
grim;grim
gringo;gringo
grip;grip
gripping;gripping
grisly;grisly
gross;gross
group;group
group_of_people;group_of_people
gruesome;gruesome
guffaw;guffaw
gunshot;gunshot
half;half
hallucinate;hallucinate
halt;halt
hard;hard
hard_find;hard_find
hard_material;hard_material
hard_work;hard_work
hardcore;hardcore
harden_criminal;harden_criminal
harmful_human;harmful_human
harsh;harsh
hatch;hatch
hatchet;hatchet
hazard;hazard
hazardous;hazardous
hazy;hazy
head_organ;head_organ
headline;headline
headquarters;headquarters
heavy;heavy
hell;hell
help_others;help_others
helpful_tool;helpful_tool
hemisphere;hemisphere
hidden;hidden
hide;hide
hide_evidence;hide_evidence
high_land;high_land
high_level;high_level
histrionics;histrionics
hold;hold
hold_onto;hold_onto
hole;hole
hollow;hollow
hollow_out;hollow_out
home;home
homicide;homicide
honoring;honoring
horrible;horrible
horribly;horribly
horrified;horrified
horrifying;horrifying
horrifyingly;horrifyingly
hot_chick;hot_chick
hue;hue
huge;huge
human_language;human_language
human_sense;human_sense
hunt_animal;hunt_animal
hurt_others;hurt_others
hush_up;hush_up
hypothesis;hypothesis
hypothetical;hypothetical
ianfu;ianfu
ibuprofen;ibuprofen
identity;identity
ignore;ignore
imitator;imitator
immovable;immovable
impatient;impatient
implying;implying
import;import
important_job;important_job
important_person;important_person
imprisonment;imprisonment
improve;improve
in_earnest;in_earnest
inaugurate;inaugurate
increase_self-esteem;increase_self-esteem
increase_self_esteem;increase_self_esteem
inflexible;inflexible
information;information
injustice;injustice
inky;inky
inquiry;inquiry
inside;inside
insist;insist
insular;insular
interest;interest
interesting;interesting
interrogate;interrogate
intriguing;intriguing
investigate;investigate
investigate_fact;investigate_fact
irritate;irritate
isolated;isolated
jail_time;jail_time
jew;jew
job;job
jonah;jonah
joy;joy
jubilation;jubilation
keep_fresh;keep_fresh
keeping;keeping
kid;kid
kidnap;kidnap
killer;killer
killing;killing
kindness;kindness
kiss;kiss
knife;knife
knowledge;knowledge
label;label
lackadaisical;lackadaisical
land_form;land_form
land_mass;land_mass
language;language
languid;languid
languor;languor
languorous;languorous
languorously;languorously
large;large
large_amount;large_amount
large_land_mass;large_land_mass
lavish;lavish
least;least
length;length
length_measurement;length_measurement
lethal;lethal
level;level
lift;lift
light;light
likely;likely
lilt;lilt
limit;limit
limit_time;limit_time
line;line
little;little
little_child;little_child
load_bear;load_bear
local;local
local_food;local_food
location;location
lock-step;lock-step
lockstep;lockstep
log;log
london;london
long;long
long_story;long_story
look;look
look_fact;look_fact
loser;loser
love;love
lovely;lovely
lucid_dream;lucid_dream
ludicrous;ludicrous
lunatic;lunatic
lust;lust
lyric;lyric
lyrics;lyrics
macabre;macabre
mad;mad
make;make
make_effort;make_effort
make_laugh;make_laugh
make_right_decision;make_right_decision
malice;malice
manchester;manchester
manufacture;manufacture
many_items;many_items
many_words;many_words
maximum;maximum
mean;mean
measure;measure
measure_tool;measure_tool
medal;medal
media;media
medical_build;medical_build
medikit;medikit
medium;medium
melody;melody
memory;memory
menace;menace
meretricious;meretricious
merlin;merlin
metal_box;metal_box
metal_container;metal_container
metropolitan_city;metropolitan_city
mind_control;mind_control
misbehavior;misbehavior
moderate;moderate
modern_times;modern_times
modern_world;modern_world
money_clip;money_clip
money_relate;money_relate
monitor;monitor
moon_star;moon_star
moore;moore
mother_daddy;mother_daddy
mountain_side;mountain_side
mouth;mouth
movie;movie
multiply;multiply
music;music
music_note;music_note
mysterious;mysterious
mystic;mystic
natural_order;natural_order
near_nose;near_nose
neat;neat
need;need
need_to_rest;need_to_rest
negative;negative
neophyte;neophyte
nervous;nervous
nervousness;nervousness
new;new
new_information;new_information
newcomer;newcomer
newyork;newyork
next_level;next_level
nice;nice
niceness;niceness
nod_head;nod_head
north;north
novel;novel
novelty;novelty
number;number
nurse;nurse
observance;observance
observe;observe
obtain;obtain
occupation;occupation
odd;odd
offend;offend
officer;officer
omega;omega
only_bird;only_bird
opaque;opaque
open-mouthed;open-mouthed
opium;opium
ordering;ordering
ordinal;ordinal
original;original
out_of_sight;out_of_sight
outlier;outlier
output;output
overcast;overcast
overshadow;overshadow
overshadowed;overshadowed
overthrow;overthrow
page;page
pageboy;pageboy
paginate;paginate
pale;pale
panic;panic
paper_write;paper_write
paragon;paragon
part;part
part_of_face;part_of_face
part_of_movie;part_of_movie
part_of_play;part_of_play
particular;particular
passion;passion
past;past
payback;payback
peak;peak
penetrate;penetrate
peninsula;peninsula
people;people
perceive;perceive
percentage;percentage
performance;performance
period;period
permeate;permeate
persona;persona
pervade;pervade
phalloplasty;phalloplasty
phenobarbital;phenobarbital
physician;physician
pianism;pianism
piece;piece
piece_of_music;piece_of_music
pillar;pillar
ping_pong_paddle;ping_pong_paddle
place;place
planet;planet
planet_solar_system;planet_solar_system
play_dead;play_dead
play_part;play_part
pleasant;pleasant
plentiful;plentiful
plenty;plenty
point;point
police;police
policeman;policeman
pop_music;pop_music
positive;positive
power_plant;power_plant
precise;precise
precision;precision
precursory;precursory
predicate;predicate
premonitory;premonitory
present_times;present_times
primary_color;primary_color
print;print
proceeds;proceeds
procreate;procreate
production;production
profession;profession
profile_picture;profile_picture
profitable;profitable
profuse;profuse
prophetic;prophetic
protect;protect
provide_information;provide_information
psychopath;psychopath
push_aside;push_aside
put_in_jail;put_in_jail
put_two_together;put_two_together
quell;quell
query;query
question;question
question_answering;question_answering
question_ask;question_ask
quick_look;quick_look
rage;rage
rate;rate
rational;rational
read_instruction_manual;read_instruction_manual
really;really
really_big;really_big
reason;reason
reason_why;reason_why
recollection;recollection
red_light;red_light
regain_energy;regain_energy
regional;regional
rehearse;rehearse
relevant;relevant
reliable;reliable
remark;remark
remind;remind
replicate;replicate
reply;reply
reprimand;reprimand
resentment;resentment
response;response
rest_dream;rest_dream
rest_up;rest_up
restrict;restrict
restriction;restriction
resume;resume
retain;retain
retort;retort
retribution;retribution
return;return
revenge;revenge
revolve;revolve
rice;rice
riddle;riddle
ridiculous;ridiculous
rigid;rigid
rival;rival
road;road
robbie;robbie
rock_band;rock_band
role;role
role_play;role_play
rome;rome
rotate;rotate
rotation;rotation
round;round
routine;routine
run_treadmill;run_treadmill
sadness;sadness
saga;saga
same;same
same_level;same_level
satisfy;satisfy
saw;saw
say;say
scale;scale
scarce;scarce
scene;scene
school_class;school_class
school_course;school_course
school_subject;school_subject
scientific_statement;scientific_statement
scope;scope
screenwriter;screenwriter
scrimshaw;scrimshaw
secondary_color;secondary_color
secret;secret
secret_agent;secret_agent
secret_organization;secret_organization
secure;secure
sense;sense
sensory_input;sensory_input
separate;separate
sequence;sequence
series;series
seriousness;seriousness
set;set
set_down;set_down
sexuality;sexuality
shadow;shadow
shame;shame
sharp_corner;sharp_corner
sharp_edge;sharp_edge
sharp_end;sharp_end
sharpness;sharpness
shinny;shinny
ship_part;ship_part
shocking;shocking
shoot;shoot
shoot_range;shoot_range
shooting_movie;shooting_movie
shortage;shortage
show;show
show_empathy;show_empathy
show_tooth;show_tooth
showy;showy
sibilate;sibilate
sick;sick
siege;siege
signature;signature
sincere;sincere
sing_bird;sing_bird
site;site
situate;situate
skilled;skilled
skillful;skillful
slattern;slattern
slay;slay
sleepiness;sleepiness
sleepy;sleepy
slum;slum
small_amount;small_amount
small_street;small_street
smell_bad;smell_bad
smile_child;smile_child
social_group;social_group
society;society
solid;solid
song;song
song_lyric;song_lyric
songwriter;songwriter
soul;soul
sound;sound
source;source
spawn;spawn
speech;speech
spherical;spherical
spirit;spirit
spiritize;spiritize
squander;squander
stage_fright;stage_fright
standoffish;standoffish
star;star
star_movie;star_movie
stare;stare
starter;starter
stated;stated
static_electricity;static_electricity
steal;steal
steal_money;steal_money
stick_up;stick_up
stiff;stiff
stiff_neck;stiff_neck
still;still
stillborn;stillborn
stint;stint
stomach;stomach
stop_activity;stop_activity
strange;strange
street;street
stress;stress
stride;stride
strong;strong
strong_desire;strong_desire
sturdy;sturdy
subject;subject
subject_school;subject_school
substance;substance
subversion;subversion
subversive_activity;subversive_activity
succeed;succeed
success;success
sufficient;sufficient
sum_total;sum_total
summit;summit
sunrise;sunrise
sunset;sunset
supergiant;supergiant
superman;superman
supernova;supernova
supporting;supporting
supportive;supportive
supposition;supposition
suppress;suppress
surgeon;surgeon
surgical;surgical
surprise;surprise
surprised;surprised
surprisedly;surprisedly
surprising;surprising
surprisingly;surprisingly
surroundings;surroundings
take;take
take_firm_stand;take_firm_stand
taking;taking
tall;tall
tall_play_basketball;tall_play_basketball
tantamount;tantamount
task;task
tatty;tatty
temper;temper
tenderness;tenderness
termination;termination
terrain;terrain
text;text
theatrical_baddie;theatrical_baddie
theft;theft
theory;theory
think;think
think_through;think_through
thomas_nelson_page;thomas_nelson_page
threat;threat
thumb;thumb
time;time
timely;timely
tin;tin
titanium;titanium
today;today
tokyo;tokyo
tolerate;tolerate
tomorrow;tomorrow
top_face;top_face
tow;tow
tradesman;tradesman
traffic_jam;traffic_jam
tramp;tramp
treason;treason
trip_acid;trip_acid
try;try
tummy_tuck;tummy_tuck
turn;turn
twin;twin
twist;twist
two-party;two-party
two_halves;two_halves
typically;typically
uncle;uncle
unclean;unclean
uncommon;uncommon
underworld;underworld
unfortunate;unfortunate
unfruitful;unfruitful
unique;unique
unit_of_measurement;unit_of_measurement
unite;unite
unity;unity
universe;universe
unlit;unlit
unsafe;unsafe
unseen;unseen
unsuccessful;unsuccessful
unsuccessful_person;unsuccessful_person
untold;untold
upset;upset
urban;urban
use_ear;use_ear
use_eye;use_eye
use_gun;use_gun
use_weapon;use_weapon
varlet;varlet
vermiculation;vermiculation
vertical;vertical
vicious;vicious
viewer;viewer
violence;violence
violent;violent
violent_death;violent_death
vision;vision
vocation;vocation
vulture;vulture
watch;watch
watch_baseball_game;watch_baseball_game
watch_cartoon;watch_cartoon
watch_comedy;watch_comedy
watch_good_movie;watch_good_movie
watch_show;watch_show
watcher;watcher
well;well
well_done;well_done
wet_air;wet_air
whine;whine
whore;whore
wide-eyed;wide-eyed
wide_street;wide_street
widower;widower
winner;winner
without_light;without_light
wizardry;wizardry
word;word
work;work
world;world
worry;worry
wound;wound
wrongdoing;wrongdoing
yardstick;yardstick
yearn;yearn
yes;yes
yesterday;yesterday
young_child;young_child
youngster;youngster
zone;zone
